id,name,full_name,owner_name,stars,forks,open_issues,language,license_name,created_date,updated_date
45717250,tensorflow,tensorflow/tensorflow,tensorflow,197023,76024,2857,C++,Apache License 2.0,2015-11-07,2026-08-14
155220641,transformers,huggingface/transformers,huggingface,164104,34248,2379,Python,Apache License 2.0,2018-10-29,2026-08-14
343965132,ML-For-Beginners,microsoft/ML-For-Beginners,microsoft,89377,21934,11,Jupyter Notebook,MIT License,2021-03-03,2026-08-14
145553672,funNLP,fighting41love/funNLP,fighting41love,82452,15267,53,Python,No License,2018-08-21,2026-08-14
21872392,awesome-machine-learning,josephmisiti/awesome-machine-learning,josephmisiti,74030,15614,25,Python,Other,2014-07-15,2026-08-14
843222,scikit-learn,scikit-learn/scikit-learn,scikit-learn,66979,27289,2124,Python,"BSD 3-Clause ""New"" or ""Revised"" License",2010-08-17,2026-08-14
162405963,gradio,gradio-app/gradio,gradio-app,43364,3572,182,Python,Apache License 2.0,2018-12-19,2026-08-14
326174741,500-AI-Machine-learning-Deep-learning-Computer-vision-NLP-Projects-with-code,ashishpatel26/500-AI-Machine-learning-Deep-learning-Computer-vision-NLP-Projects-with-code,ashishpatel26,36247,7430,67,Unknown,No License,2021-01-02,2026-08-14
63477612,C-Plus-Plus,TheAlgorithms/C-Plus-Plus,TheAlgorithms,34582,7851,32,C++,MIT License,2016-07-16,2026-08-14
1198539,netron,lutzroeder/netron,lutzroeder,33351,3171,18,JavaScript,MIT License,2010-12-26,2026-08-14
80990461,ML-From-Scratch,eriklindernoren/ML-From-Scratch,eriklindernoren,32462,5430,77,Python,MIT License,2017-02-05,2026-08-14
277168957,applied-ml,eugeneyan/applied-ml,eugeneyan,30030,3987,8,Unknown,MIT License,2020-07-04,2026-08-14
70431106,machine-learning-for-software-engineers,ZuzooVn/machine-learning-for-software-engineers,ZuzooVn,28858,6149,32,Unknown,Creative Commons Attribution Share Alike 4.0 International,2016-10-09,2026-08-14
196760810,linkedin-skill-assessments-quizzes,Ebazhanov/linkedin-skill-assessments-quizzes,Ebazhanov,28811,12915,21,Python,GNU Affero General Public License v3.0,2019-07-13,2026-08-14
688164459,cs249r_book,harvard-edge/cs249r_book,harvard-edge,27916,3521,17,Python,Other,2023-09-06,2026-08-14
74505259,shap,shap/shap,shap,25682,3741,1015,Jupyter Notebook,MIT License,2016-11-22,2026-08-14
155662306,homemade-machine-learning,trekhleb/homemade-machine-learning,trekhleb,24752,4195,31,Jupyter Notebook,MIT License,2018-11-01,2026-08-14
65711522,Paddle,PaddlePaddle/Paddle,PaddlePaddle,24049,6014,1520,C++,Apache License 2.0,2016-08-15,2026-08-14
317029148,best-of-ml-python,lukasmasuch/best-of-ml-python,lukasmasuch,23711,3140,52,Unknown,Creative Commons Attribution Share Alike 4.0 International,2020-11-29,2026-08-14
63477515,C,TheAlgorithms/C,TheAlgorithms,22329,4766,18,C,GNU General Public License v3.0,2016-07-16,2026-08-14
102692863,onnx,onnx/onnx,onnx,21310,3994,280,Python,Apache License 2.0,2017-09-07,2026-08-14
70908208,rasa,RasaHQ/rasa,RasaHQ,21298,4918,153,Python,Apache License 2.0,2016-10-14,2026-08-14
122758193,video2x,k4yt3x/video2x,k4yt3x,20920,1813,129,C++,GNU Affero General Public License v3.0,2018-02-24,2026-08-14
144863525,awesome-production-machine-learning,EthicalML/awesome-production-machine-learning,EthicalML,20841,2591,31,Unknown,MIT License,2018-08-15,2026-08-14
132754148,machine-learning-for-trading,stefan-jansen/machine-learning-for-trading,stefan-jansen,20444,5516,2,Jupyter Notebook,MIT License,2018-05-09,2026-08-14
143568533,stanford-cs-229-machine-learning,afshinea/stanford-cs-229-machine-learning,afshinea,20097,4248,20,Unknown,MIT License,2018-08-04,2026-08-14
102904613,ml-agents,Unity-Technologies/ml-agents,Unity-Technologies,19626,4481,18,C#,Other,2017-09-08,2026-08-14
64991887,LightGBM,lightgbm-org/LightGBM,lightgbm-org,18682,4052,512,C++,MIT License,2016-08-05,2026-08-14
292374787,ml-engineering,stas00/ml-engineering,stas00,18615,1200,3,Python,Creative Commons Attribution Share Alike 4.0 International,2020-09-02,2026-08-14
42360601,Machine-Learning-Tutorials,ujjwalkarn/Machine-Learning-Tutorials,ujjwalkarn,18095,3970,47,Unknown,Creative Commons Zero v1.0 Universal,2015-09-12,2026-08-14
195408640,ML-NLP,NLP-LOVE/ML-NLP,NLP-LOVE,17790,4632,36,Jupyter Notebook,No License,2019-07-05,2026-08-14
102343794,brpc,apache/brpc,apache,17581,4132,478,C++,Apache License 2.0,2017-09-04,2026-08-14
380191749,ML-YouTube-Courses,dair-ai/ML-YouTube-Courses,dair-ai,17357,2120,21,Unknown,Creative Commons Zero v1.0 Universal,2021-06-25,2026-08-14
179893494,numpy-ml,ddbourgin/numpy-ml,ddbourgin,16334,3746,48,Python,GNU General Public License v3.0,2019-04-06,2026-08-14
601161044,transformers.js,huggingface/transformers.js,huggingface,16255,1179,270,JavaScript,Apache License 2.0,2023-02-13,2026-08-14
113564448,mml-book.github.io,mml-book/mml-book.github.io,mml-book,15873,2839,197,Jupyter Notebook,No License,2017-12-08,2026-08-14
112647343,kubeflow,kubeflow/kubeflow,kubeflow,15812,2690,0,Unknown,Apache License 2.0,2017-11-30,2026-08-14
92287968,cheatsheets-ai,kailashahirwar/cheatsheets-ai,kailashahirwar,15428,3373,12,Unknown,MIT License,2017-05-24,2026-08-14
18962767,Qix,ty4z2008/Qix,ty4z2008,15181,4578,0,Unknown,Other,2014-04-20,2026-08-14
538180525,ggml,ggml-org/ggml,ggml-org,15166,1776,346,C++,MIT License,2022-09-18,2026-08-14
38900806,imgaug,aleju/imgaug,aleju,14739,2451,312,Python,MIT License,2015-07-10,2026-08-14
1605598,bullet3,bulletphysics/bullet3,bulletphysics,14673,3086,423,C++,Other,2011-04-12,2026-08-14
24561828,ChatterBot,gunthercox/ChatterBot,gunthercox,14506,4421,73,Python,"BSD 3-Clause ""New"" or ""Revised"" License",2014-09-28,2026-08-13
16331291,dlib,davisking/dlib,davisking,14433,3444,39,C++,Boost Software License 1.0,2014-01-29,2026-08-12
135673451,nni,microsoft/nni,microsoft,14363,1854,415,Python,MIT License,2018-06-01,2026-08-14
87536046,mit-deep-learning-book-pdf,janishar/mit-deep-learning-book-pdf,janishar,14192,2910,12,Java,No License,2017-04-07,2026-08-14
330914717,ivy,unifyai/ivy,unifyai,14171,5468,984,Python,Other,2021-01-19,2026-08-13
461147335,handson-ml3,ageron/handson-ml3,ageron,13926,5240,107,Jupyter Notebook,Apache License 2.0,2022-02-19,2026-08-14
256401220,machine-learning-zoomcamp,DataTalksClub/machine-learning-zoomcamp,DataTalksClub,13908,3092,3,Jupyter Notebook,No License,2020-04-17,2026-08-14
70746484,tvm,apache/tvm,apache,13665,3953,224,Python,Apache License 2.0,2016-10-12,2026-08-14
236637683,Ai-Learn,tangyudi/Ai-Learn,tangyudi,13257,2675,20,Unknown,No License,2020-01-28,2026-08-14
159091924,deep-learning-drizzle,kmario23/deep-learning-drizzle,kmario23,12931,2988,5,HTML,No License,2018-11-26,2026-08-14
286663639,machine-learning-interview,khangich/machine-learning-interview,khangich,12780,2042,9,Unknown,No License,2020-08-11,2026-08-14
40380094,python-machine-learning-book,rasbt/python-machine-learning-book,rasbt,12639,4375,13,Jupyter Notebook,MIT License,2015-08-07,2026-08-14
7827081,predictionio,apache/predictionio,apache,12519,1899,80,Scala,Apache License 2.0,2013-01-25,2026-08-12
53982546,lime,marcotcr/lime,marcotcr,12167,1847,133,JavaScript,"BSD 2-Clause ""Simplified"" License",2016-03-15,2026-08-13
132975485,cleanlab,cleanlab/cleanlab,cleanlab,11627,914,116,Python,Apache License 2.0,2018-05-11,2026-08-14
31186658,dive-into-machine-learning,dive-into-machine-learning/dive-into-machine-learning,dive-into-machine-learning,11393,1867,0,Unknown,Creative Commons Attribution 4.0 International,2015-02-22,2026-08-12
70036319,MLAlgorithms,rushter/MLAlgorithms,rushter,11163,1770,10,Python,MIT License,2016-10-05,2026-08-13
112676803,turicreate,apple/turicreate,apple,11163,1118,522,C++,"BSD 3-Clause ""New"" or ""Revised"" License",2017-12-01,2026-08-12
107937815,amazon-sagemaker-examples,aws/amazon-sagemaker-examples,aws,10984,6961,849,Jupyter Notebook,Apache License 2.0,2017-10-23,2026-08-14
802545117,A-Curated-List-of-ML-System-Design-Case-Studies,Engineer1999/A-Curated-List-of-ML-System-Design-Case-Studies,Engineer1999,10934,1676,7,Unknown,No License,2024-05-18,2026-08-14
618511002,dolly,databrickslabs/dolly,databrickslabs,10805,1141,6,Python,Apache License 2.0,2023-03-24,2026-08-14
132709824,doccano,doccano/doccano,doccano,10739,1825,396,Python,MIT License,2018-05-09,2026-08-14
83286964,mlcourse.ai,Yorko/mlcourse.ai,Yorko,10689,5702,4,Python,Other,2017-02-27,2026-08-14
223824546,machine-learning-systems-design,chiphuyen/machine-learning-systems-design,chiphuyen,10509,1628,11,HTML,No License,2019-11-24,2026-08-14
86140645,Machine-Learning,Jack-Cherish/Machine-Learning,Jack-Cherish,10368,5067,7,Python,No License,2017-03-25,2026-08-14
121647248,machine-learning-notes,roboticcam/machine-learning-notes,roboticcam,10323,1825,28,Jupyter Notebook,No License,2018-02-15,2026-08-14
100120455,3D-Machine-Learning,timzhang642/3D-Machine-Learning,timzhang642,10191,1797,21,Unknown,No License,2017-08-12,2026-08-13
45495679,tpot,EpistasisLab/tpot,EpistasisLab,10051,1564,312,Jupyter Notebook,GNU Lesser General Public License v3.0,2015-11-03,2026-08-14
156401841,sktime,sktime/sktime,sktime,9920,2289,2425,Python,"BSD 3-Clause ""New"" or ""Revised"" License",2018-11-06,2026-08-14
114629751,Stock-Prediction-Models,huseinzol05/Stock-Prediction-Models,huseinzol05,9482,3053,47,Jupyter Notebook,Apache License 2.0,2017-12-18,2026-08-14
342728683,cog,replicate/cog,replicate,9458,695,70,Go,Apache License 2.0,2021-02-26,2026-08-14
15452925,golearn,sjwhitworth/golearn,sjwhitworth,9437,1166,89,Go,MIT License,2013-12-26,2026-08-14
132021166,machinelearning,dotnet/machinelearning,dotnet,9346,1951,1008,C#,MIT License,2018-05-03,2026-08-13
76955905,awesome-ml-for-cybersecurity,jivoi/awesome-ml-for-cybersecurity,jivoi,9274,1937,33,Unknown,Other,2016-12-20,2026-08-14
100784668,awesome-project-ideas,NirantK/awesome-project-ideas,NirantK,9261,1290,7,Unknown,MIT License,2017-08-19,2026-08-14
97556265,catboost,catboost/catboost,catboost,9064,1317,719,C++,Apache License 2.0,2017-07-18,2026-08-14
22489033,machine_learning_examples,lazyprogrammer/machine_learning_examples,lazyprogrammer,8909,6406,33,Python,No License,2014-07-31,2026-08-14
110050572,state-of-the-art-result-for-machine-learning-problems,RedditSota/state-of-the-art-result-for-machine-learning-problems,RedditSota,8897,1294,14,Unknown,Apache License 2.0,2017-11-09,2026-08-14
1696822,pattern,clips/pattern,clips,8858,1557,179,Python,"BSD 3-Clause ""New"" or ""Revised"" License",2011-05-03,2026-08-12
334567245,AIMLInterviews,alirezadir/AIMLInterviews,alirezadir,8758,1524,11,Jupyter Notebook,MIT License,2021-01-31,2026-08-14
177023075,financial-machine-learning,firmai/financial-machine-learning,firmai,8739,1409,15,Python,No License,2019-03-21,2026-08-14
58616850,machinelearning,ljpzzz/machinelearning,ljpzzz,8707,3689,17,Jupyter Notebook,MIT License,2016-05-12,2026-08-14
265995,vowpal_wabbit,VowpalWabbit/vowpal_wabbit,VowpalWabbit,8701,1925,3,C++,Other,2009-07-31,2026-08-13
71154529,MachineLearning_Python,lawlite19/MachineLearning_Python,lawlite19,8578,2515,10,Python,MIT License,2016-10-17,2026-08-14
250184708,Machine-Learning-Collection,aladdinpersson/Machine-Learning-Collection,aladdinpersson,8483,2787,119,Python,MIT License,2020-03-26,2026-08-14
277059144,approachingalmost,abhishekkrthakur/approachingalmost,abhishekkrthakur,8369,1122,54,Unknown,No License,2020-07-04,2026-08-14
59957955,introduction_to_ml_with_python,amueller/introduction_to_ml_with_python,amueller,8144,4675,28,Jupyter Notebook,No License,2016-05-29,2026-08-14
38441254,auto-sklearn,automl/auto-sklearn,automl,8128,1324,208,Python,"BSD 3-Clause ""New"" or ""Revised"" License",2015-07-02,2026-08-12
9954710,machine-learning-cheat-sheet,soulmachine/machine-learning-cheat-sheet,soulmachine,8044,1333,11,TeX,No License,2013-05-09,2026-08-14
167304464,cortex,cortexlabs/cortex,cortexlabs,8010,593,131,Go,Apache License 2.0,2019-01-24,2026-08-14
278289913,machine-learning-roadmap,mrdbourke/machine-learning-roadmap,mrdbourke,7894,1168,12,Unknown,MIT License,2020-07-09,2026-08-14
137935980,machine-learning-yearning-cn,deeplearning-ai/machine-learning-yearning-cn,deeplearning-ai,7846,1502,4,CSS,Other,2018-06-19,2026-08-13
126573668,Machine-learning-learning-notes,Vay-keen/Machine-learning-learning-notes,Vay-keen,7764,1879,28,Unknown,No License,2018-03-24,2026-08-14
504209946,Machine-Learning-Specialization-Coursera,greyhatguy007/Machine-Learning-Specialization-Coursera,greyhatguy007,7764,3724,26,Jupyter Notebook,MIT License,2022-06-16,2026-08-14
290234921,awesome-youtubers,JoseDeFreitas/awesome-youtubers,JoseDeFreitas,7676,493,2,Markdown,Creative Commons Zero v1.0 Universal,2020-08-25,2026-08-14
123568881,Learn_Machine_Learning_in_3_Months,llSourcell/Learn_Machine_Learning_in_3_Months,llSourcell,7607,2311,19,Unknown,No License,2018-03-02,2026-08-14
17371412,h2o-3,h2oai/h2o-3,h2oai,7503,2027,2880,Jupyter Notebook,Apache License 2.0,2014-03-03,2026-08-14
184701688,industry-machine-learning,firmai/industry-machine-learning,firmai,7484,1250,3,Jupyter Notebook,No License,2019-05-03,2026-08-14
